库类型,名称,工程内标识,平台来源标识,厂商,型号,立创料号,许可状态
FOOTPRINT,DIP-4_L6.4-W4.6-P2.54-LS7.6-BL,7b474e15d9f6080b,88393232003f486db3297cabcb56d649|0819f05c4eef4c71ace90d822a990e87,,,,需按来源核对再分发条件
FOOTPRINT,SOIC-16_L9.9-W3.9-P1.27-LS6.0-BL,eb223d7b2aae53d6,14d90e89009d448cb4691ebb22dbc142|0819f05c4eef4c71ace90d822a990e87,,,,需按来源核对再分发条件
FOOTPRINT,RELAY-SMD_HFD4-5-SR,6c7a7d1f52d9c7dd,dbd03431c3e448e091ea02121f23088a|0819f05c4eef4c71ace90d822a990e87,,,,需按来源核对再分发条件
FOOTPRINT,CAP-SMD_L3.2-W1.6-RD,b9d3bb0b29fe906e,93bb5467ad944568872a672cc34d7fc3|0819f05c4eef4c71ace90d822a990e87,,,,需按来源核对再分发条件
FOOTPRINT,R0603,33815107c55d2d87,50b4943912284dab97752312e589e9e2|0819f05c4eef4c71ace90d822a990e87,,,,需按来源核对再分发条件
FOOTPRINT,C0603,346d1aa622e61188,76d6c29a47804db487f8a92b2621751b|0819f05c4eef4c71ace90d822a990e87,,,,需按来源核对再分发条件
FOOTPRINT,R1206,8e548b36fd7dd486,5a1c051c2d374964995f659053b54f02|0819f05c4eef4c71ace90d822a990e87,,,,需按来源核对再分发条件
FOOTPRINT,BAT-SMD_BD2.0-2P-2.54PH-7.0H,66233e2f98c519f4,97fb671a092449d4b95c77120fa58268|0819f05c4eef4c71ace90d822a990e87,,,,需按来源核对再分发条件
FOOTPRINT,ANT-TH_L33.0-W12.0_RED,f3fad2e65bde6ec5,77796c061c58489ca43ba68fbe158062|0819f05c4eef4c71ace90d822a990e87,,,,需按来源核对再分发条件
FOOTPRINT,HDR-TH_10P-P2.00-V-F-1,a2cab1750e9f04b1,0c78737026e44cabb9d0125e3cb51204|0819f05c4eef4c71ace90d822a990e87,,,,需按来源核对再分发条件
FOOTPRINT,PWRM-TH_B0505S-1W,92b7b51a578213fd,52423c3c80de4061b689a3ecc8a0ffc0|0819f05c4eef4c71ace90d822a990e87,,,,需按来源核对再分发条件
FOOTPRINT,OPTO-SMD-4_L4.6-W6.5-P2.54-LS10.3-TL,09898dc479966703,8afb07f0ff1d4651b74992b1eef8b702|0819f05c4eef4c71ace90d822a990e87,,,,需按来源核对再分发条件
FOOTPRINT,HDR-TH_20P-P2.54-V-F-2,d0b7c3f4bab02bb4,2a03186828e54a6dae5155568da22604|0819f05c4eef4c71ace90d822a990e87,,,,需按来源核对再分发条件
FOOTPRINT,HDR-TH_20P-P2.54-V-F-R2-C10-S2.54,bef4fe3a72a72409,a3df8a3054d34e49850d9b71e548a74f|0819f05c4eef4c71ace90d822a990e87,,,,需按来源核对再分发条件
FOOTPRINT,HDR-TH_4P-HX-PH254-01-04-Z-L11.5,66e2625d59b5cfd0,42bfde2e9dd147e7a50e26b763a6c667|0819f05c4eef4c71ace90d822a990e87,,,,需按来源核对再分发条件
FOOTPRINT,HDR-TH_2P-P2.54-V-M,8bf92ed6fa96e60b,dab68a6adbcd41feaaacbb580297e3ac|0819f05c4eef4c71ace90d822a990e87,,,,需按来源核对再分发条件
FOOTPRINT,PWRM-TH_BXXXXXT-1WR3,99dbcd7eadde1c37,058304da616041a3b4a3f55af8d1313f|0819f05c4eef4c71ace90d822a990e87,,,,需按来源核对再分发条件
FOOTPRINT,CAP-SMD_L3.2-W1.6-RD-C7171,8567645d0369dfb5,85fad056e34e4bb784b36276ae4ed383|0819f05c4eef4c71ace90d822a990e87,,,,需按来源核对再分发条件
FOOTPRINT,CASE-B_3528,ee1d3d21222ad75a,bec7fa618e604a9eb42ab6902edd13ed|0819f05c4eef4c71ace90d822a990e87,,,,需按来源核对再分发条件
FOOTPRINT,CAP-TH_BD5.0-P2.00-D0.5-FD-A,cf00e874f8799ebe,85d095b794c640eba6bd9a6876fb98d1|0819f05c4eef4c71ace90d822a990e87,,,,需按来源核对再分发条件
FOOTPRINT,SOT-223-3_L6.5-W3.4-P2.30-LS7.0-BR,f9a3c6b86bd0dc77,20c29e37a9b84b4197418483096f9c05|0819f05c4eef4c71ace90d822a990e87,,,,需按来源核对再分发条件
FOOTPRINT,SOP-16_L10.0-W3.9-P1.27-LS6.0-BL,c9567d0b98a97b22,43dddffb1252499eb7259dfbd128f487|0819f05c4eef4c71ace90d822a990e87,,,,需按来源核对再分发条件
FOOTPRINT,RELAY-SMD_HFD4-5-S1R,55928276ba23bc88,2f6ebd792e3d47958b4b24daba2d10d2|0819f05c4eef4c71ace90d822a990e87,,,,需按来源核对再分发条件
FOOTPRINT,RELAY-SMD_HFD4-5-SR,f08188cf621b5a62,dbd03431c3e448e091ea02121f23088a|0819f05c4eef4c71ace90d822a990e87,,,,需按来源核对再分发条件
FOOTPRINT,RELAY-SMD_G6K-2F-RF-S-DC12,3de696dd33b25f58,4b56ff41bcde489c982f6a769239d528|0819f05c4eef4c71ace90d822a990e87,,,,需按来源核对再分发条件
FOOTPRINT,SMD-6_L7.3-W6.5-P2.54-LS10.2-BL,42a3ecc8b57e4cb6,013104ae8b3a466fa41afce153033cd8|0819f05c4eef4c71ace90d822a990e87,,,,需按来源核对再分发条件
FOOTPRINT,RELAY-SMD_G6K-2F-RF,01383e70b55626c2,efe851a20d54439abfc811d7e09824ff|0819f05c4eef4c71ace90d822a990e87,,,,需按来源核对再分发条件
FOOTPRINT,RELAY-TH_HFDXXX,b54d6da2bcdbc9fd,3092cd38eea446b8882816bd217c6a93|0819f05c4eef4c71ace90d822a990e87,,,,需按来源核对再分发条件
FOOTPRINT,Test-Point-0.5mm,dca3348ee6ac18e5,e44e8913964d4a4db53eb387244727d6|0819f05c4eef4c71ace90d822a990e87,,,,需按来源核对再分发条件
FOOTPRINT,SOIC-16_L9.9-W3.9-P1.27-LS6.0-BL,66b3e932a528ccb1,14d90e89009d448cb4691ebb22dbc142|0819f05c4eef4c71ace90d822a990e87,,,,需按来源核对再分发条件
FOOTPRINT,DIP-8_L19.5-W7.0-P2.54-LS7.62-BL_D1C051000,75215d57939b81bf,b579d7b9ea3c48abb61530cc128b38e6|0819f05c4eef4c71ace90d822a990e87,,,,需按来源核对再分发条件
FOOTPRINT,RELAY-TH_D1A050000,085740e0255f78de,bf5abf1f769345869ce146ab8f497522|0819f05c4eef4c71ace90d822a990e87,,,,需按来源核对再分发条件
FOOTPRINT,L0603,7f2fd7c8733c3b67,369762e5ba6942f8b95f861c27425f7c|0819f05c4eef4c71ace90d822a990e87,,,,需按来源核对再分发条件
FOOTPRINT,ANT-TH_KH-BNC50-3511,ee0ce84c72b6f9c7,dee667aeffe8459fb057fcc503ed4d65|0819f05c4eef4c71ace90d822a990e87,,,,需按来源核对再分发条件
FOOTPRINT,RELAY-TH_HK4100F-DC5V-SHG,39b7d9667e51de66,d6a154cd211944658b06a35c54da2bd8|0819f05c4eef4c71ace90d822a990e87,,,,需按来源核对再分发条件
FOOTPRINT,RELAY-SMD_G6K-2F-Y,c9925a9891697330,d1d8728a1602498685762782ba2bd505|0819f05c4eef4c71ace90d822a990e87,,,,需按来源核对再分发条件
FOOTPRINT,RELAY-SMD_OMRON_G6L-1F-XX,dd0b70672a4b1136,e691ac9df8d149ad8f58c503ad76e3d1|0819f05c4eef4c71ace90d822a990e87,,,,需按来源核对再分发条件
FOOTPRINT,RELAY-TH_JRC-23F-012-1ZS,70ee6724101539d7,88e02ec28dd841b6881c99ac30663a63|0819f05c4eef4c71ace90d822a990e87,,,,需按来源核对再分发条件
FOOTPRINT,RELAY-SMD_ARS14YXX,90c9fa9d05ccb1ae,69b510a5e5054040982a0b6643cf7dc1|0819f05c4eef4c71ace90d822a990e87,,,,需按来源核对再分发条件
FOOTPRINT,RELAY-TH_ARS144H,643c20dc0ea398c6,98b39cc7c9be4efb951f303955d1c34d|0819f05c4eef4c71ace90d822a990e87,,,,需按来源核对再分发条件
FOOTPRINT,RELAY-TH_JY23F-S-DC12V-C,bab445c2c17234fa,f0f9a85dcc7b4c799b6b26dfa84cf61b|0819f05c4eef4c71ace90d822a990e87,,,,需按来源核对再分发条件
FOOTPRINT,RELAY-TH_HRB1-S-X,9327a76d3ba9243b,138e9a2b5d0f4ca9ad7cbc725f8fd4b0|0819f05c4eef4c71ace90d822a990e87,,,,需按来源核对再分发条件
FOOTPRINT,RELAY-TH_HFD23-X-1ZX,fc0c432970d691f8,70111c79487b4d8eafe6a61d0194f711|0819f05c4eef4c71ace90d822a990e87,,,,需按来源核对再分发条件
FOOTPRINT,RELAY-TH_HFD23-XXX-1HX,2c3422ea5efa986d,9776962f208244ab9c57529debd994e9|0819f05c4eef4c71ace90d822a990e87,,,,需按来源核对再分发条件
FOOTPRINT,CONN-TH_3P-P5.08_KF128-5.08-3P,91e392e642dd132a,3bfe5e58d3134e3b8101d27a17a4d64a|0819f05c4eef4c71ace90d822a990e87,,,,需按来源核对再分发条件
FOOTPRINT,SOD-123_L2.8-W1.8-LS3.7-RD-1,10d547bb04cd4297,17ab172684f74ab3976e8412fbafb148|0819f05c4eef4c71ace90d822a990e87,,,,需按来源核对再分发条件
FOOTPRINT,RELAY-TH_HFD4-3,21fadbe878c45a0e,8cf05cff806e45b1924fdbc371c9f4ea|0819f05c4eef4c71ace90d822a990e87,,,,需按来源核对再分发条件
FOOTPRINT,SOD-123_L2.7-W1.6-LS3.7-FD,25c00b60502be9ba,c8b3e5a69eee4b4998508db5a8c6a42d|0819f05c4eef4c71ace90d822a990e87,,,,需按来源核对再分发条件
FOOTPRINT,SOT-23-3_L2.9-W1.3-P1.90-LS2.4-BR,54a8b667f5e0e71d,bdad16194d454cb292a50525f39c3ffd|0819f05c4eef4c71ace90d822a990e87,,,,需按来源核对再分发条件
FOOTPRINT,HDR-TH_3P-P2.54-V-M-1,3caa17f77c64158f,28ec716cb96a485887b9d342b47ecf21|0819f05c4eef4c71ace90d822a990e87,,,,需按来源核对再分发条件
FOOTPRINT,RELAY-SMD_G6K-2F-X-XX,b2fcd13b6d0e54b3,e9f2b598463e465c84e23d5d7a4b8cec|0819f05c4eef4c71ace90d822a990e87,,,,需按来源核对再分发条件
FOOTPRINT,TO-3P_L15.5-W4.5-P5.45-L,0b8b981babdb0e0b,5001534bddd54f4e89500abe17d644b7|0819f05c4eef4c71ace90d822a990e87,,,,需按来源核对再分发条件
FOOTPRINT,LQFP-48_L7.0-W7.0-P0.50-LS9.0-BL,cc76a62740e4333f,db7d248fbf3949e6aaa163768e52acf8|0819f05c4eef4c71ace90d822a990e87,,,,需按来源核对再分发条件
FOOTPRINT,RELAY-TH_TQ2-XXV,04f550056cc7aae5,1ac4fae51cf44992a96d0b91e7766ae6|0819f05c4eef4c71ace90d822a990e87,,,,需按来源核对再分发条件
FOOTPRINT,C0603,049693bb7a2fd9c6,76d6c29a47804db487f8a92b2621751b|0819f05c4eef4c71ace90d822a990e87,,,,需按来源核对再分发条件
FOOTPRINT,SOIC-8_L4.9-W3.9-P1.27-LS6.0-BL,e0a20b14e533e1fc,2e6932429ae745aea190762fe65ff34b|0819f05c4eef4c71ace90d822a990e87,,,,需按来源核对再分发条件
FOOTPRINT,R0508,48f6a0da097ad987,50f72af415674373baa0d8d3c0f84954|0819f05c4eef4c71ace90d822a990e87,,,,需按来源核对再分发条件
FOOTPRINT,R0603,8cb59eebf6a9b811,50b4943912284dab97752312e589e9e2|0819f05c4eef4c71ace90d822a990e87,,,,需按来源核对再分发条件
SYMBOL,CYPC817C,229707a1e920d3cb,41612612edf14da896fce6f11419ce50|0819f05c4eef4c71ace90d822a990e87,,,,需按来源核对再分发条件
SYMBOL,ULN2003ADR,c059001eb7e2183c,c673dda3668f4fc1b1040b047b77c4b2|0819f05c4eef4c71ace90d822a990e87,,,,需按来源核对再分发条件
SYMBOL,HFD4/5-S,8831d26a8b353f19,b31dd4168f6f41ba946b7e4f03453c80|0819f05c4eef4c71ace90d822a990e87,,,,需按来源核对再分发条件
SYMBOL,Ground-GND,d4d59765c25875c7,542d01b8b25e4236a453d7437c3944df|0819f05c4eef4c71ace90d822a990e87,,,,需按来源核对再分发条件
SYMBOL,CA45A-A-16V-10UF-K,98ab47f308cfff01,874ebc4f182b4a26b9cf3ead932e789e|0819f05c4eef4c71ace90d822a990e87,,,,需按来源核对再分发条件
SYMBOL,RC0603FR-0745K3L,e23145ca9ff255c0,8875c2263aec49b69bef9b0058e45397|0819f05c4eef4c71ace90d822a990e87,,,,需按来源核对再分发条件
SYMBOL,C0603C104J5RAC,353d4109ff6b1a16,43130fd4e0f44447a4917933ba3d0d7c|0819f05c4eef4c71ace90d822a990e87,,,,需按来源核对再分发条件
SYMBOL,0603WAF4701T5E,2a90ece3398cca72,f0d0fbaf53fd47efac1bc2b7375ab3ea|0819f05c4eef4c71ace90d822a990e87,,,,需按来源核对再分发条件
SYMBOL,0603WAF4700T5E,2dc3c46d79a761b1,dcb73f6c9d6d4db1932390e0c20d20e9|0819f05c4eef4c71ace90d822a990e87,,,,需按来源核对再分发条件
SYMBOL,RE1206F1R000,350a79f0e7faf06b,28fb6fb8c9714718a7fa5fe562531077|0819f05c4eef4c71ace90d822a990e87,,,,需按来源核对再分发条件
SYMBOL,CBM160808U000T,84c61011086b9dab,3c30c0c57de44a87bf5924780bb5d009|0819f05c4eef4c71ace90d822a990e87,,,,需按来源核对再分发条件
SYMBOL,BWCD-L6.0W2.0H2.0,ba9b6b33b46aeb28,36e7de8615074cc19626a0cc26527e71|0819f05c4eef4c71ace90d822a990e87,,,,需按来源核对再分发条件
SYMBOL,24.245.1,ac1a985a8d455323,b281e5e23f814ed2845280964d2e4966|0819f05c4eef4c71ace90d822a990e87,,,,需按来源核对再分发条件
SYMBOL,HX PM2.0-1X10P ZC,7d272af607851635,c4bad96cdc594d33b7bf5066f3eea32c|0819f05c4eef4c71ace90d822a990e87,,,,需按来源核对再分发条件
SYMBOL,B0505S-1W_C7465127,4d8dde0982c4676d,b5bdf84286d04458acbdc7eabb14fce4|0819f05c4eef4c71ace90d822a990e87,,,,需按来源核对再分发条件
SYMBOL,FRC0603F1001TS,936e817d004fc6ca,d29737d19bd14288a7aa3f38ceb46bbc|0819f05c4eef4c71ace90d822a990e87,,,,需按来源核对再分发条件
SYMBOL,PC817C_C3025164,1971bd9fc3fba5c7,f93a79a6c5aa4af79c243fb050a82f8c|0819f05c4eef4c71ace90d822a990e87,,,,需按来源核对再分发条件
SYMBOL,KH-2.54FH-1X20P-H8.5,6dc72682c8fc7045,7b7f41181cb34b6483d914c75de4141b|0819f05c4eef4c71ace90d822a990e87,,,,需按来源核对再分发条件
SYMBOL,Off-Page-Connector-In,316d238b5a16349c,cc4fbb8988a44835af896deaae716ac0|0819f05c4eef4c71ace90d822a990e87,,,,需按来源核对再分发条件
SYMBOL,Power-5V,6a8ad967418350b9,8a04e22374494d55957a030ec33de1cb|0819f05c4eef4c71ace90d822a990e87,,,,需按来源核对再分发条件
SYMBOL,PM254-2-10-Z-8.5,d637180156b48a98,d4c4d0891bd549a981e00b6dbe21b339|0819f05c4eef4c71ace90d822a990e87,,,,需按来源核对再分发条件
SYMBOL,FRC0603F1002TS,f06601417b7ae253,6f0807512d0a4d008dba7f2dbd7b295d|0819f05c4eef4c71ace90d822a990e87,,,,需按来源核对再分发条件
SYMBOL,HX PH254-01-04-Z-L11.5 STRAIGHT PIN HEADER,d54c6a5455074335,da111a5a79054c98891faff5af4e527f|0819f05c4eef4c71ace90d822a990e87,,,,需按来源核对再分发条件
SYMBOL,HX PH254-01-02-Z-L11.5 MALE HEADER CONNECTOR,da518d17e6794ffb,609b9b375f114d9f97274ff40aa7b41d|0819f05c4eef4c71ace90d822a990e87,,,,需按来源核对再分发条件
SYMBOL,B0505XT-1WR3_ C19188495,8cd66345f91c4b97,697f3494d33a427aaf7083f57a956358|0819f05c4eef4c71ace90d822a990e87,,,,需按来源核对再分发条件
SYMBOL,TAJA106K016RNJ,31f34c4148e35862,95b6eb8758f743d3b2b218b8af470326|0819f05c4eef4c71ace90d822a990e87,,,,需按来源核对再分发条件
SYMBOL,TAJB226K016RNJ,42015af6e3f524e0,3d1b59ad63bb4f3ca2b417942cd2a242|0819f05c4eef4c71ace90d822a990e87,,,,需按来源核对再分发条件
SYMBOL,ERG50V10M5X11,67f9d92ea651f450,c76e4b7169054ee89120eb8f7784f87b|0819f05c4eef4c71ace90d822a990e87,,,,需按来源核对再分发条件
SYMBOL,CGA0603X7R104K500JT,c306f806acd53cbb,496810f0eff74f66ac0e7cd5452e96a1|0819f05c4eef4c71ace90d822a990e87,,,,需按来源核对再分发条件
SYMBOL,AMS1117-3.3,fa7a8968c69749fb,06f50e10ab7d460599b3fe3ee8717a78|0819f05c4eef4c71ace90d822a990e87,,,,需按来源核对再分发条件
SYMBOL,ULN2003A_C482013,4e44a97788976bd7,84e1a735fe534a808b1f09211c268b3e|0819f05c4eef4c71ace90d822a990e87,,,,需按来源核对再分发条件
SYMBOL,HFD4/5-S1R,604de9bbad0862b7,cde88fa0037e4c18ba3323d288aa5385|0819f05c4eef4c71ace90d822a990e87,,,,需按来源核对再分发条件
SYMBOL,HFD4/5-S,9d35138da84389dc,b31dd4168f6f41ba946b7e4f03453c80|0819f05c4eef4c71ace90d822a990e87,,,,需按来源核对再分发条件
SYMBOL,G6K-2F-RF-S DC5,4db3caf1d1077bce,8ad4f5e5b92841509d413246d6b96a64|0819f05c4eef4c71ace90d822a990e87,,,,需按来源核对再分发条件
SYMBOL,G3VM-21ER,1a10f35055a34d5a,baa21d4491514c5f859e974a3b4610f7|0819f05c4eef4c71ace90d822a990e87,,,,需按来源核对再分发条件
SYMBOL,G6K-2F-RF DC5_C19166144,35f33fa64bfabf9c,cd76fc5f23884c9290feb272c813ad48|0819f05c4eef4c71ace90d822a990e87,,,,需按来源核对再分发条件
SYMBOL,HFD4/5,145339fb8fb2df6e,bffffa74222b462ca66a543b3d9c1c0f|0819f05c4eef4c71ace90d822a990e87,,,,需按来源核对再分发条件
SYMBOL,Test-Point,69655adebe661cf1,0ef2c756326f421eab3c316c79eda910|0819f05c4eef4c71ace90d822a990e87,,,,需按来源核对再分发条件
SYMBOL,ULN2003ADR,0783136a84016474,c673dda3668f4fc1b1040b047b77c4b2|0819f05c4eef4c71ace90d822a990e87,,,,需按来源核对再分发条件
SYMBOL,ULN2003ADR,cab72fd9c0ecb602,c673dda3668f4fc1b1040b047b77c4b2|0819f05c4eef4c71ace90d822a990e87,,,,需按来源核对再分发条件
SYMBOL,MOS N 增强型_MOS N E,8059ca03282f59a0,503f0db50d174a42831ea4bce457baf4|0819f05c4eef4c71ace90d822a990e87,,,,需按来源核对再分发条件
SYMBOL,电感_Inductor,0ad4a253b58b4fed,a9292c02f2cf4d05b016ef2e96f39e0a|0819f05c4eef4c71ace90d822a990e87,,,,需按来源核对再分发条件
SYMBOL,D2A050000_C330419,58bf87c95c3abcf0,062311fca0544df1b512649cf873360f|0819f05c4eef4c71ace90d822a990e87,,,,需按来源核对再分发条件
SYMBOL,D1A050000,7a470acf6937027f,64125808860e4765be14eac397cd1d42|0819f05c4eef4c71ace90d822a990e87,,,,需按来源核对再分发条件
SYMBOL,Ground-AGND,b2b30d96439528d9,4eeeb508ec414371bff34d3ffd943365|0819f05c4eef4c71ace90d822a990e87,,,,需按来源核对再分发条件
SYMBOL,Ground-PGND,d2854ce4bb863ee1,701480c27ec04a908bfadbbdb558afbc|0819f05c4eef4c71ace90d822a990e87,,,,需按来源核对再分发条件
SYMBOL,SDFL1608S100KTF,28f1ec8314fde6a5,2e9f04ed8246407db6aeeedff6aeec00|0819f05c4eef4c71ace90d822a990e87,,,,需按来源核对再分发条件
SYMBOL,KH-BNC50-3511,c5351f5a4f3e7d76,e7e4f988652d408cb839604beae6750e|0819f05c4eef4c71ace90d822a990e87,,,,需按来源核对再分发条件
SYMBOL,HK4100F-DC5V-SHG,55f91d9da344c468,dd1564634bec4605b448b5cd344de900|0819f05c4eef4c71ace90d822a990e87,,,,需按来源核对再分发条件
SYMBOL,G6K-2F-Y-5V_C2982926,2a813b8969a4c61a,f99e09544e7a4e3fac39dcca5b25973f|0819f05c4eef4c71ace90d822a990e87,,,,需按来源核对再分发条件
SYMBOL,G6L-1F DC5,4879a74e42331168,d99add07a0b844baa1b6c210c185e70a|0819f05c4eef4c71ace90d822a990e87,,,,需按来源核对再分发条件
SYMBOL,JRC-23F/012-1ZS(555),0ff395526f14e141,5d2666b3503a44cb8cb33fe267983e9d|0819f05c4eef4c71ace90d822a990e87,,,,需按来源核对再分发条件
SYMBOL,ARS14Y4H,0c236d2ada98ce21,891ce1044dd04dc09935cb65b4234b5d|0819f05c4eef4c71ace90d822a990e87,,,,需按来源核对再分发条件
SYMBOL,ARS144H,65e1e0f01d265c36,160b84e074b1453598b31f44349b3bff|0819f05c4eef4c71ace90d822a990e87,,,,需按来源核对再分发条件
SYMBOL,ARS14Y09,95fa4f02663e550e,8da6866d76af447f8e3fd2d0dfc299ac|0819f05c4eef4c71ace90d822a990e87,,,,需按来源核对再分发条件
SYMBOL,HRB1-S-DC12V,bee651a29094b890,ca90d1b02f5c4c9493e1b8bf47a10077|0819f05c4eef4c71ace90d822a990e87,,,,需按来源核对再分发条件
SYMBOL,HFD23/005-1ZS,67aa6642a333bb0a,055df20360924a0091c1e8ebca6e980a|0819f05c4eef4c71ace90d822a990e87,,,,需按来源核对再分发条件
SYMBOL,JY23F-S-DC12V-C,c917626a7e0dcbd2,4607ad1c9c33432d9d3d0ed29fb16ed1|0819f05c4eef4c71ace90d822a990e87,,,,需按来源核对再分发条件
SYMBOL,1N4148W_C917030,860882f0c40aeb3f,87d1355ae4ea46309d7c95138410f12b|0819f05c4eef4c71ace90d822a990e87,,,,需按来源核对再分发条件
SYMBOL,KF128-5.08-3P,c4cc1b74214c132e,55b494c19a0746a9802256ad88e43358|0819f05c4eef4c71ace90d822a990e87,,,,需按来源核对再分发条件
SYMBOL,HFD23/005-1HS,e35b7ad3b2c23aa0,a1b750cf3ea14795a58eeade2e0511f5|0819f05c4eef4c71ace90d822a990e87,,,,需按来源核对再分发条件
SYMBOL,HFD4/3,eaf9d95ea63e765b,ab37c420561846d08cf4d2a05d6f5c7d|0819f05c4eef4c71ace90d822a990e87,,,,需按来源核对再分发条件
SYMBOL,S8050(0.5A),4b776faae72afced,9a9d7573302e4a1eab33f08442cd82e0|0819f05c4eef4c71ace90d822a990e87,,,,需按来源核对再分发条件
SYMBOL,1N4148W_C7420318,c68bf551b374d683,2ebc25b8b98a4a09821bc20b0dbc29d2|0819f05c4eef4c71ace90d822a990e87,,,,需按来源核对再分发条件
SYMBOL,地_Ground,64bae7afe68b3652,7ca372b42a4e48cc8d47cbd8efd07bcc|0819f05c4eef4c71ace90d822a990e87,,,,需按来源核对再分发条件
SYMBOL,电阻_Resistor,162bebc2fa7b22df,011ff3b07f2048d8b31daa860bb90b50|0819f05c4eef4c71ace90d822a990e87,,,,需按来源核对再分发条件
SYMBOL,单刀单掷开关_SPST,7e6e117fc82aa38f,c1f8a1527695455a8fd0092911b3d334|0819f05c4eef4c71ace90d822a990e87,,,,需按来源核对再分发条件
SYMBOL,电容_Capacitor,de1a57f0dcc4593f,417d4461e9034721a0381da76f854e80|0819f05c4eef4c71ace90d822a990e87,,,,需按来源核对再分发条件
SYMBOL,单刀双掷开关_SPDT,cf67a5519af276a4,2ed628d31bda4994801901491c727b50|0819f05c4eef4c71ace90d822a990e87,,,,需按来源核对再分发条件
SYMBOL,Drawing-Symbol-Sim_A4,f6f22bb898d6b3ce,7a93e9ee6e4344ee867e19749cb13cb2|0819f05c4eef4c71ace90d822a990e87,,,,需按来源核对再分发条件
SYMBOL,HX PH254-01-03-Z-L11.5 PCB PIN HEADER,72d3c95ecc465dd8,d31c21d6284e4b5caa03e7b2bc7ef69f|0819f05c4eef4c71ace90d822a990e87,,,,需按来源核对再分发条件
SYMBOL,G6K-2F-Y-DC5,0667380b5d2d875a,6db61b2ab6fe4c518ac524ccc96508ec|0819f05c4eef4c71ace90d822a990e87,,,,需按来源核对再分发条件
SYMBOL,STM32F103C8T6,2a720943c20195d4,3e713d8cedaf4a829e10ee0ae904ac12|0819f05c4eef4c71ace90d822a990e87,,,,需按来源核对再分发条件
SYMBOL,"TK9J90E,S1E",f146965ffef79e1a,4bf9712df28c4b7d88a5cd904a3c67bb|0819f05c4eef4c71ace90d822a990e87,,,,需按来源核对再分发条件
SYMBOL,TQ2-5V,616909db28ada30b,2c81673f1b374ca1ac7920799250d93d|0819f05c4eef4c71ace90d822a990e87,,,,需按来源核对再分发条件
SYMBOL,Netport-IN,50e7648db249f66f,9efc5969ac6c4c83b5123274296715d2|0819f05c4eef4c71ace90d822a990e87,,,,需按来源核对再分发条件
SYMBOL,电阻,473be583610ad05b,337f98afd0264cae93d16cc3bf65754a|0819f05c4eef4c71ace90d822a990e87,,,,需按来源核对再分发条件
SYMBOL,Capacitance,a698c5a37c80f6d9,9b22c8ce281e45e586f53e833f42da4a|0819f05c4eef4c71ace90d822a990e87,,,,需按来源核对再分发条件
SYMBOL,Ground-GND,d06a33d8c4dd9865,542d01b8b25e4236a453d7437c3944df|0819f05c4eef4c71ace90d822a990e87,,,,需按来源核对再分发条件
SYMBOL,Netport-OUT,ab5ef9538fcd5a32,886278409be54d11a143e9ce378c7103|0819f05c4eef4c71ace90d822a990e87,,,,需按来源核对再分发条件
SYMBOL,Power-VCC,c7d672f532a638df,c1b8b751a29345708c24bcef9a67e2b3|0819f05c4eef4c71ace90d822a990e87,,,,需按来源核对再分发条件
SYMBOL,0603WAF1201T5E,c3f40b21e263c8bc,7da76df0cb0341a1b05429e57a01c11a|0819f05c4eef4c71ace90d822a990e87,,,,需按来源核对再分发条件
SYMBOL,OP07CDR,67d7c661fd31e5cc,b3e5897df1d24b9ca701f9b6737a17e2|0819f05c4eef4c71ace90d822a990e87,,,,需按来源核对再分发条件
SYMBOL,3430A2F10KTDF,e9a727f084f39992,96a29eea65954c5fbda86fdccbb52fc7|0819f05c4eef4c71ace90d822a990e87,,,,需按来源核对再分发条件
SYMBOL,0603WAF1502T5E,9efb4362263948f7,64fc0a66bc9041ec8355d4694ba5a67e|0819f05c4eef4c71ace90d822a990e87,,,,需按来源核对再分发条件
SYMBOL,Drawing-Symbol_A4,a5d08792577c45b3,dae013dc9fb24993ad62a51f9f80d9cd|0819f05c4eef4c71ace90d822a990e87,,,,需按来源核对再分发条件
DEVICE,CYPC817C,06a33d71fc3f64f1,60fdd5d06f0b4af2ad88d1e710b4c004|0819f05c4eef4c71ace90d822a990e87,OCIC(卓睿科),CYPC817C,C385059,需按来源核对再分发条件
DEVICE,HFD4/5-SR,ca988f8064dc1fdb,c0ebe676d12249089262f3874dba5bae|0819f05c4eef4c71ace90d822a990e87,HF(宏发),HFD4/5-SR,C64399,需按来源核对再分发条件
DEVICE,ULN2003ADR,ef18bd151019cfd4,34945248e10945d9bdc946967690a653|0819f05c4eef4c71ace90d822a990e87,TI(德州仪器),ULN2003ADR,C7512,需按来源核对再分发条件
DEVICE,Ground-GND,5c6f2d3d9fc9a7b4,9a64ac5790a940f7ae40fc736dc6faff|0819f05c4eef4c71ace90d822a990e87,,,,需按来源核对再分发条件
DEVICE,RC0603FR-0745K3L,365a15ee5badafd8,ab8a5725039f47ff89f2087080283f9d|0819f05c4eef4c71ace90d822a990e87,YAGEO(国巨),RC0603FR-0745K3L,C245971,需按来源核对再分发条件
DEVICE,CA45A-A-16V-10uF-K,d3086b937772eb44,73e99d9a267b4208a2c4d99ddf747b58|0819f05c4eef4c71ace90d822a990e87,CEC(振华新云),CA45A-A-16V-10uF-K,C129279,需按来源核对再分发条件
DEVICE,C0603C104J5RAC,cede47163acc4b40,fc159bcecd784965a4c9dcc09d7ad71b|0819f05c4eef4c71ace90d822a990e87,KEMET(基美),C0603C104J5RAC,C490602,需按来源核对再分发条件
DEVICE,0603WAF4701T5E,3265bb38aaad0844,0f0661658cdd4f45888ea39caf7e9650|0819f05c4eef4c71ace90d822a990e87,UNI-ROYAL(厚声),0603WAF4701T5E,C23162,需按来源核对再分发条件
DEVICE,0603WAF4700T5E,1ef90d98c1b04500,ffa4a8b484c949cab91cf952f976a628|0819f05c4eef4c71ace90d822a990e87,UNI-ROYAL(厚声),0603WAF4700T5E,C23179,需按来源核对再分发条件
DEVICE,RE1206F1R000,5c795a119748511e,fdb6cdcef0dd4547a52e553f618ec6e1|0819f05c4eef4c71ace90d822a990e87,JIERR(捷而瑞),RE1206F1R000,C46961765,需按来源核对再分发条件
DEVICE,CBM160808U000T,6bd2027fdb87f929,f34ba260a6564dfa8ff3c8472f6c1c33|0819f05c4eef4c71ace90d822a990e87,FH(风华),CBM160808U000T,C394410,需按来源核对再分发条件
DEVICE,BWCD-L6.0W2.0H2.0,b241c45d4a73931f,ca760c79bcd3410bbbb3bf48438d721a|0819f05c4eef4c71ace90d822a990e87,BAT WIRELESS(蝙蝠无线),BWCD-L6.0W2.0H2.0,C2826551,需按来源核对再分发条件
DEVICE,24.245.1,2d6e849fa1027096,95ae02e5fe8040cd82a0ffc76e28ca67|0819f05c4eef4c71ace90d822a990e87,AMASS(艾迈斯),24.245.1,C7437326,需按来源核对再分发条件
DEVICE,HX PM2.0-1x10P ZC,91df1737f340df3b,323c7f040c92492b88a660270fa9d070|0819f05c4eef4c71ace90d822a990e87,hanxia(韩下),HX PM2.0-1x10P ZC,C22438142,需按来源核对再分发条件
DEVICE,B0505S-1W_C7465127,f69b5572abf5d799,bef44e6a209047c9b09ba84b04d34b09|0819f05c4eef4c71ace90d822a990e87,EVISUN(易成),B0505S-1W,C7465127,需按来源核对再分发条件
DEVICE,FRC0603F1001TS,89961eb95d649f1f,185ec9156267410e8a72be9fa0bd054d|0819f05c4eef4c71ace90d822a990e87,FOJAN(富捷),FRC0603F1001TS,C2907002,需按来源核对再分发条件
DEVICE,PC817C_C3025164,fa0cff2d527a4a08,af107c3206ac42bab8634c9174c94928|0819f05c4eef4c71ace90d822a990e87,GOODWORK(固得沃克),PC817C,C3025164,需按来源核对再分发条件
DEVICE,Off-Page-Connector-In,7f44c2f24c279074,bed46b7cdddf4defa46951916dc9c79a|0819f05c4eef4c71ace90d822a990e87,,,,需按来源核对再分发条件
DEVICE,PM254-2-10-Z-8.5,66aad731eab4de7f,59076c03fc0a49b9926965bb04a70899|0819f05c4eef4c71ace90d822a990e87,HCTL(华灿天禄),PM254-2-10-Z-8.5,C2897411,需按来源核对再分发条件
DEVICE,KH-2.54FH-1X20P-H8.5,9ed36815dd87d476,2b3598d54e7242ffb855af7c365cf3c3|0819f05c4eef4c71ace90d822a990e87,kinghelm(金航标),KH-2.54FH-1X20P-H8.5,C2905423,需按来源核对再分发条件
DEVICE,Power-5V,6d0f62b8bb1540e2,c19033e4f560428090e4fc097513e5e3|0819f05c4eef4c71ace90d822a990e87,,,,需按来源核对再分发条件
DEVICE,FRC0603F1002TS,19153bb760901967,7d0a4241f13846d38eb1c0e45cc6ecf8|0819f05c4eef4c71ace90d822a990e87,FOJAN(富捷),FRC0603F1002TS,C2906982,需按来源核对再分发条件
DEVICE,HX PH254-01-04-Z-L11.5 straight pin header,b7d77cf886b8c308,a9d83723c2004ab7b58283c31718395f|0819f05c4eef4c71ace90d822a990e87,hanxia(韩下),HX PH254-01-04-Z-L11.5 straight pin header,C52016392,需按来源核对再分发条件
DEVICE,HX PH254-01-02-Z-L11.5 male header connector,6b4d394be91dbcd3,f33a775ed0bc404f9afaec24e4b1276c|0819f05c4eef4c71ace90d822a990e87,hanxia(韩下),HX PH254-01-02-Z-L11.5 male header connector,C52016390,需按来源核对再分发条件
DEVICE,TAJA106K016RNJ,ce4ef79cb20f0b92,0fe1327a838a4999a962b90d6cdc9452|0819f05c4eef4c71ace90d822a990e87,Kyocera AVX,TAJA106K016RNJ,C7171,需按来源核对再分发条件
DEVICE,TAJA106K016RNJ,fe79ad6578a43628,0fe1327a838a4999a962b90d6cdc9452|0819f05c4eef4c71ace90d822a990e87,Kyocera AVX,TAJA106K016RNJ,C7171,需按来源核对再分发条件
DEVICE,B0505XT-1WR3_C19188495,3af345d0c5e1b810,6078bc6af9864375a6bdd4d547ebba7f|0819f05c4eef4c71ace90d822a990e87,EVISUN(易成),B0505XT-1WR3,C19188495,需按来源核对再分发条件
DEVICE,TAJB226K016RNJ,e2714d364447153f,fad5c61aa3b4456eba72acb9cdb5b02f|0819f05c4eef4c71ace90d822a990e87,Kyocera AVX,TAJB226K016RNJ,C8020,需按来源核对再分发条件
DEVICE,ERG50V10M5X11,78352e1dd0d92b67,c1df112fa11c48748528b811a1ee3470|0819f05c4eef4c71ace90d822a990e87,JIERR(捷而瑞),ERG50V10M5X11,C47344184,需按来源核对再分发条件
DEVICE,CGA0603X7R104K500JT,09cd8ca9e6893d6c,04fdb63905b342c2af8d54ade46d72a2|0819f05c4eef4c71ace90d822a990e87,HRE(芯声),CGA0603X7R104K500JT,C6119867,需按来源核对再分发条件
DEVICE,AMS1117-3.3_C6186,3beb97d8bd28ac1c,9f9c6cb41c7449fd8acf96aceed2661a|0819f05c4eef4c71ace90d822a990e87,AMS,AMS1117-3.3,C6186,需按来源核对再分发条件
DEVICE,ULN2003A_C482013,c851d7884b6b00dd,dffe14f0da874ae2920800e1a9517590|0819f05c4eef4c71ace90d822a990e87,UMW(友台半导体),ULN2003A,C482013,需按来源核对再分发条件
DEVICE,HFD4/5-S1R,7df50fb99b6d9a6d,58e095e91ab84426a15db51d527129ca|0819f05c4eef4c71ace90d822a990e87,HF(宏发),HFD4/5-S1R,C124871,需按来源核对再分发条件
DEVICE,G6K-2F-RF-S DC5,c99ae63c857c3c5b,15d21865b107417eb3036834d76baa9b|0819f05c4eef4c71ace90d822a990e87,OMRON(欧姆龙),G6K-2F-RF-S DC5,C2750987,需按来源核对再分发条件
DEVICE,HFD4/5-SR,69bbdd24f980b613,c0ebe676d12249089262f3874dba5bae|0819f05c4eef4c71ace90d822a990e87,HF(宏发),HFD4/5-SR,C64399,需按来源核对再分发条件
DEVICE,G3VM-21ER,bf82e61220256d0a,b45b37d8515c4f358ff63cd2d462322b|0819f05c4eef4c71ace90d822a990e87,OMRON(欧姆龙),G3VM-21ER,C6258783,需按来源核对再分发条件
DEVICE,G6K-2F-RF DC5,060ec938ab37df5c,382dbee089f7417da19fdbaf5c4439e9|0819f05c4eef4c71ace90d822a990e87,OMRON(欧姆龙),G6K-2F-RF DC5,C19166144,需按来源核对再分发条件
DEVICE,HFD4/5,a2d4dc5986ebe18c,76c7ef0ac04b46f1af6c7f7dc02a4298|0819f05c4eef4c71ace90d822a990e87,HF(宏发),HFD4/5,C23510,需按来源核对再分发条件
DEVICE,Test-Point,3f02ac9c98095824,d45be48edf5f4f4eb9e20c75671b7f3b|0819f05c4eef4c71ace90d822a990e87,,,,需按来源核对再分发条件
DEVICE,ULN2003ADR,9dd4c8c57dced754,34945248e10945d9bdc946967690a653|0819f05c4eef4c71ace90d822a990e87,TI(德州仪器),ULN2003ADR,C7512,需按来源核对再分发条件
DEVICE,ULN2003ADR,6b1b393abca2b81c,34945248e10945d9bdc946967690a653|0819f05c4eef4c71ace90d822a990e87,TI(德州仪器),ULN2003ADR,C7512,需按来源核对再分发条件
DEVICE,MOS N 增强型_MOS N E,936b9bf03cbfa621,16ceaf7df91e40f6af1b1e7c0dbbca83|0819f05c4eef4c71ace90d822a990e87,,,,需按来源核对再分发条件
DEVICE,电感_Inductor,e712d938877ee05f,f004d8b9e494489fa9353d67377266de|0819f05c4eef4c71ace90d822a990e87,,,,需按来源核对再分发条件
DEVICE,D2A050000_C330419,fbb6c0930f026988,822c294b88594e2bba70d32833a20d5f|0819f05c4eef4c71ace90d822a990e87,Cosmo(冠西),D2A050000,C330419,需按来源核对再分发条件
DEVICE,D1A050000,f9a57146836b38b7,f7cca183c7d5417eaf601b7388bed062|0819f05c4eef4c71ace90d822a990e87,Cosmo(冠西),D1A050000,C150533,需按来源核对再分发条件
DEVICE,Ground-AGND,ac0ec601fc65a940,020e090fae1746909dc2ba708097eb8f|0819f05c4eef4c71ace90d822a990e87,,,,需按来源核对再分发条件
DEVICE,Ground-PGND,f97e6f19f2b439f6,24f4625729ce4e0caeb63cb2f93d2349|0819f05c4eef4c71ace90d822a990e87,,,,需按来源核对再分发条件
DEVICE,L_0603,11604ea2cf0391e8,edbd3c88a5354798a167efcb04f7b6a2|0819f05c4eef4c71ace90d822a990e87,,,,需按来源核对再分发条件
DEVICE,KH-BNC50-3511,b192df2387dbf2f9,35a9e2a39d0f481a9d30ceda4258abe8|0819f05c4eef4c71ace90d822a990e87,kinghelm(金航标),KH-BNC50-3511,C2837587,需按来源核对再分发条件
DEVICE,HK4100F-DC5V-SHG,d5ba1c9eda9b88b2,012d0a25224f4b77adf1524967f589b0|0819f05c4eef4c71ace90d822a990e87,汇科,HK4100F-DC5V-SHG,C12072,需按来源核对再分发条件
DEVICE,G6K-2F-Y-5V_C2982926,e77c01cc6250fe9e,b81700f29fe140a79009232b540d40cb|0819f05c4eef4c71ace90d822a990e87,OMRON(欧姆龙),G6K-2F-Y-5V,C2982926,需按来源核对再分发条件
DEVICE,G6L-1F DC5,8a3422d2502fe1eb,02dbe4cd26ea4e52935c607c974e6a80|0819f05c4eef4c71ace90d822a990e87,OMRON(欧姆龙),G6L-1F DC5,C1525282,需按来源核对再分发条件
DEVICE,JRC-23F/012-1ZS(555),ebcc06ab32078b30,dfb8ffd36eac451f90b93b507f3c4b10|0819f05c4eef4c71ace90d822a990e87,HF(宏发),JRC-23F/012-1ZS(555),C64059,需按来源核对再分发条件
DEVICE,ARS14Y4H,7d0798ea9ceb08e8,6a99f62b06b44c2e9bb4c85ebc740a6c|0819f05c4eef4c71ace90d822a990e87,PANASONIC(松下),ARS14Y4H,C4402945,需按来源核对再分发条件
DEVICE,ARS144H,1e21918fed8406e5,548767139ead4050b02c5b0d1478f79e|0819f05c4eef4c71ace90d822a990e87,PANASONIC(松下),ARS144H,C5355542,需按来源核对再分发条件
DEVICE,ARS14Y09,e3b50cbf71ee3cff,97c457e4441e4eb09b39f2051eb9a894|0819f05c4eef4c71ace90d822a990e87,PANASONIC(松下),ARS14Y09,C7217543,需按来源核对再分发条件
DEVICE,HRB1-S-DC12V,ff33360aba18b000,72570c60ad9f4abd9768d3451e29e8f2|0819f05c4eef4c71ace90d822a990e87,HKE(汇港),HRB1-S-DC12V,C125705,需按来源核对再分发条件
DEVICE,JY23F-S-DC12V-C,ba4edd8b42fe3598,6708b1a9c75543f792bbef54b25740ad|0819f05c4eef4c71ace90d822a990e87,JY(杰盈电器),JY23F-S-DC12V-C,C17702428,需按来源核对再分发条件
DEVICE,HFD23/005-1ZS,9f203b8cb36550c6,f84d5bc2a1064209a68457544085d089|0819f05c4eef4c71ace90d822a990e87,HF(宏发),HFD23/005-1ZS,C399483,需按来源核对再分发条件
DEVICE,KF128-5.08-3P-AA,453e8210ff4860c9,256566a928a2410d820533aee99a4105|0819f05c4eef4c71ace90d822a990e87,KEFA(科发),KF128-5.08-3P-AA,C474953,需按来源核对再分发条件
DEVICE,1N4148W_C917030,b6bf857cd073b7dd,ffe0c46383dd4628a7a89302a4342e57|0819f05c4eef4c71ace90d822a990e87,JSMSEMI(杰盛微),1N4148W,C917030,需按来源核对再分发条件
DEVICE,HFD23/005-1HS,dea2b4a612a40aa2,8a5259224ee2403e9cfb36f7507fd3e4|0819f05c4eef4c71ace90d822a990e87,HF(宏发),HFD23/005-1HS,C2976862,需按来源核对再分发条件
DEVICE,HFD4/3,0a0d3c5e2e079dce,98c4ffc99fb94009b4803b5a031a9fdb|0819f05c4eef4c71ace90d822a990e87,HF(宏发),HFD4/3,C119084,需按来源核对再分发条件
DEVICE,S8050(0.5A),a5296a8f0942c099,a10c3d4db2894ee1a1ab1145cf64b6fa|0819f05c4eef4c71ace90d822a990e87,EIC,S8050(0.5A),C3014350,需按来源核对再分发条件
DEVICE,1N4148W_C7420318,453a205bb42e35bf,d6e1f5d5a47844fc957f0f8f89ff90dd|0819f05c4eef4c71ace90d822a990e87,R+O(宏嘉诚),1N4148W,C7420318,需按来源核对再分发条件
DEVICE,地_Ground,9e51487b0ccd7081,b40dc5920ed244df9080669db0512e20|0819f05c4eef4c71ace90d822a990e87,,,,需按来源核对再分发条件
DEVICE,电阻_Resistor,d0f43955fd5301d6,4aba7f4f4a794515b9bc1305a186d3ae|0819f05c4eef4c71ace90d822a990e87,,,,需按来源核对再分发条件
DEVICE,单刀单掷开关_SPST,afb8ea51a5819fcd,98b214c34f07462db36349d7c346c001|0819f05c4eef4c71ace90d822a990e87,,,,需按来源核对再分发条件
DEVICE,电容_Capacitor,2f5497c772279387,675130f1546b4395912f01f306cd566e|0819f05c4eef4c71ace90d822a990e87,,,,需按来源核对再分发条件
DEVICE,单刀双掷开关_SPDT,3f030ab00ed66b0b,4ff09cf5fe1046228c262db96a902515|0819f05c4eef4c71ace90d822a990e87,,,,需按来源核对再分发条件
DEVICE,Drawing-Symbol-Sim_A4,70e85283a9eb30ec,4fa83714a439409dbb6b7b3691df33a8|0819f05c4eef4c71ace90d822a990e87,,,,需按来源核对再分发条件
DEVICE,HX PH254-01-03-Z-L11.5 pcb pin header,82b87a0272da9c59,f721c9aaa2af49c0a6d7cf65f28b86ec|0819f05c4eef4c71ace90d822a990e87,hanxia(韩下),HX PH254-01-03-Z-L11.5 pcb pin header,C52016391,需按来源核对再分发条件
DEVICE,G6K-2F-Y-TR DC5,85f2723ea191eb90,05c6f7992f50433aa5ca8ce6d2496f54|0819f05c4eef4c71ace90d822a990e87,OMRON(欧姆龙),G6K-2F-Y-TR DC5,C47190,需按来源核对再分发条件
DEVICE,STM32F103C8T6,f694ac8e0866aece,accfc2f6010745268febab2459577079|0819f05c4eef4c71ace90d822a990e87,ST(意法半导体),STM32F103C8T6,C8734,需按来源核对再分发条件
DEVICE,"TK9J90E,S1E",e3766e0ea32078dd,73e78b68e53449df9c9fd9e5660da9c6|0819f05c4eef4c71ace90d822a990e87,TOSHIBA(东芝),"TK9J90E,S1E",C695269,需按来源核对再分发条件
DEVICE,TQ2-5V,10ee21b569eabd7a,9cc4c594a3394e9da92a672aebb49e7d|0819f05c4eef4c71ace90d822a990e87,PANASONIC(松下),TQ2-5V,C46047,需按来源核对再分发条件
DEVICE,Netport-IN,2cea5446c09edcaa,d1791174cc834e86a381cf4678cd8f5f|0819f05c4eef4c71ace90d822a990e87,,,,需按来源核对再分发条件
DEVICE,Res_0603,ff4351f8de47b664,f61af53b8d604d888b6dd9daa1a301b0|0819f05c4eef4c71ace90d822a990e87,,,,需按来源核对再分发条件
DEVICE,CAP_0603,6326e752fc32a620,4e48d71315ce4d4c9f2ca294a3b1380b|0819f05c4eef4c71ace90d822a990e87,,,,需按来源核对再分发条件
DEVICE,Ground-GND,24e1f204b0a12087,9a64ac5790a940f7ae40fc736dc6faff|0819f05c4eef4c71ace90d822a990e87,,,,需按来源核对再分发条件
DEVICE,Netport-OUT,6c3c6402f0e46af0,675cb8e8f90e4d969086d29fccac9571|0819f05c4eef4c71ace90d822a990e87,,,,需按来源核对再分发条件
DEVICE,Power-VCC,a6534c2dcac946d2,b381658129d94456b54f23250ef5a375|0819f05c4eef4c71ace90d822a990e87,,,,需按来源核对再分发条件
DEVICE,0603WAF1201T5E,e55e1aad868a1a06,5ff010136db04b7a9334c6b08ca76f4d|0819f05c4eef4c71ace90d822a990e87,UNI-ROYAL(厚声),0603WAF1201T5E,C22765,需按来源核对再分发条件
DEVICE,3430A2F10KTDF,49534c5eeed80fc7,e659738d37ad4811b25aa3e29d529ac5|0819f05c4eef4c71ace90d822a990e87,TE Connectivity(泰科电子),3430A2F10KTDF,C6675790,需按来源核对再分发条件
DEVICE,OP07CDR,73777b7b3078560a,6c6458a49cc9479aa4f5d7e506ef6785|0819f05c4eef4c71ace90d822a990e87,TI(德州仪器),OP07CDR,C7433,需按来源核对再分发条件
DEVICE,0603WAF1502T5E,6fb10cb6dccf6e09,d0ba2e4f71b148c8988ad726457772ca|0819f05c4eef4c71ace90d822a990e87,UNI-ROYAL(厚声),0603WAF1502T5E,C22809,需按来源核对再分发条件
DEVICE,Drawing-Symbol_A4,83eeca2a163126ea,bc676184ec9748d7b372ad543982403a|0819f05c4eef4c71ace90d822a990e87,,,,需按来源核对再分发条件
