位号,型号,数值,封装,立创料号,额定电压,温度系数,来源与状态
H_CUR,KH-BNC50-3511,3GHz,ANT-TH_KH-BNC50-3511,C2837587,,,PCB器件库 + 原理图实例属性；待EDA导出复核
H_POT,KH-BNC50-3511,3GHz,ANT-TH_KH-BNC50-3511,C2837587,,,PCB器件库 + 原理图实例属性；待EDA导出复核
L,KH-2.54FH-1X20P-H8.5,,HDR-TH_20P-P2.54-V-F-2,C2905423,,,PCB器件库 + 原理图实例属性；待EDA导出复核
L1,,10uH,L0603,,,,PCB器件库 + 原理图实例属性；待EDA导出复核
L_CUR,KH-BNC50-3511,3GHz,ANT-TH_KH-BNC50-3511,C2837587,,,PCB器件库 + 原理图实例属性；待EDA导出复核
L_POT,KH-BNC50-3511,3GHz,ANT-TH_KH-BNC50-3511,C2837587,,,PCB器件库 + 原理图实例属性；待EDA导出复核
R,KH-2.54FH-1X20P-H8.5,,HDR-TH_20P-P2.54-V-F-2,C2905423,,,PCB器件库 + 原理图实例属性；待EDA导出复核
R2,FRC0603F1002TS,10kΩ,R0603,C2906982,,±100ppm/℃,PCB器件库 + 原理图实例属性；待EDA导出复核
U5,CYPC817C,,OPTO-SMD-4_L4.6-W6.5-P2.54-LS10.3-TL,C385059,,,PCB器件库 + 原理图实例属性；待EDA导出复核
U4,CYPC817C,,OPTO-SMD-4_L4.6-W6.5-P2.54-LS10.3-TL,C385059,,,PCB器件库 + 原理图实例属性；待EDA导出复核
U3,CYPC817C,,OPTO-SMD-4_L4.6-W6.5-P2.54-LS10.3-TL,C385059,,,PCB器件库 + 原理图实例属性；待EDA导出复核
U6,CYPC817C,,OPTO-SMD-4_L4.6-W6.5-P2.54-LS10.3-TL,C385059,,,PCB器件库 + 原理图实例属性；待EDA导出复核
U1,CYPC817C,,OPTO-SMD-4_L4.6-W6.5-P2.54-LS10.3-TL,C385059,,,PCB器件库 + 原理图实例属性；待EDA导出复核
U0,CYPC817C,,OPTO-SMD-4_L4.6-W6.5-P2.54-LS10.3-TL,C385059,,,PCB器件库 + 原理图实例属性；待EDA导出复核
U7,B0505S-1W,,PWRM-TH_B0505S-1W,C7465127,,,PCB器件库 + 原理图实例属性；待EDA导出复核
U2,ULN2003ADR,,SOIC-16_L9.9-W3.9-P1.27-LS6.0-BL,C7512,,,PCB器件库 + 原理图实例属性；待EDA导出复核
FB1,CBM160808U000T,,L0603,C394410,,,PCB器件库 + 原理图实例属性；待EDA导出复核
R3,0603WAF4700T5E,470Ω,R0603,C23179,,±100ppm/℃,PCB器件库 + 原理图实例属性；待EDA导出复核
R4,0603WAF4700T5E,470Ω,R0603,C23179,,±100ppm/℃,PCB器件库 + 原理图实例属性；待EDA导出复核
R5,0603WAF4700T5E,470Ω,R0603,C23179,,±100ppm/℃,PCB器件库 + 原理图实例属性；待EDA导出复核
R6,0603WAF4700T5E,470Ω,R0603,C23179,,±100ppm/℃,PCB器件库 + 原理图实例属性；待EDA导出复核
R7,0603WAF4700T5E,470Ω,R0603,C23179,,±100ppm/℃,PCB器件库 + 原理图实例属性；待EDA导出复核
R8,0603WAF4700T5E,470Ω,R0603,C23179,,±100ppm/℃,PCB器件库 + 原理图实例属性；待EDA导出复核
R9,0603WAF4701T5E,1kΩ,R0603,,,±100ppm/℃,PCB器件库 + 原理图实例属性；待EDA导出复核
R10,0603WAF4701T5E,1kΩ,R0603,,,±100ppm/℃,PCB器件库 + 原理图实例属性；待EDA导出复核
R11,0603WAF4701T5E,1kΩ,R0603,,,±100ppm/℃,PCB器件库 + 原理图实例属性；待EDA导出复核
R12,0603WAF4701T5E,1kΩ,R0603,,,±100ppm/℃,PCB器件库 + 原理图实例属性；待EDA导出复核
R13,0603WAF4701T5E,1kΩ,R0603,,,±100ppm/℃,PCB器件库 + 原理图实例属性；待EDA导出复核
R14,0603WAF4701T5E,1kΩ,R0603,,,±100ppm/℃,PCB器件库 + 原理图实例属性；待EDA导出复核
C1,TAJA106K016RNJ,10uF,CAP-SMD_L3.2-W1.6-RD-C7171,C7171,16V,,PCB器件库 + 原理图实例属性；待EDA导出复核
C2,CGA0603X7R104K500JT,100nF,C0603,C6119867,50V,X7R,PCB器件库 + 原理图实例属性；待EDA导出复核
C3,CGA0603X7R104K500JT,100nF,C0603,C6119867,50V,X7R,PCB器件库 + 原理图实例属性；待EDA导出复核
C4,TAJA106K016RNJ,10uF,CAP-SMD_L3.2-W1.6-RD-C7171,C7171,16V,,PCB器件库 + 原理图实例属性；待EDA导出复核
C5,C0603C104J5RAC,100nF,C0603,C490602,50V,X7R,PCB器件库 + 原理图实例属性；待EDA导出复核
C6,C0603C104J5RAC,100nF,C0603,C490602,50V,X7R,PCB器件库 + 原理图实例属性；待EDA导出复核
C7,C0603C104J5RAC,100nF,C0603,C490602,50V,X7R,PCB器件库 + 原理图实例属性；待EDA导出复核
CN1,24.245.1,,ANT-TH_L33.0-W12.0_RED,C7437326,1kV,,PCB器件库 + 原理图实例属性；待EDA导出复核
CN2,24.245.1,,ANT-TH_L33.0-W12.0_RED,C7437326,1kV,,PCB器件库 + 原理图实例属性；待EDA导出复核
CN3,24.245.1,,ANT-TH_L33.0-W12.0_RED,C7437326,1kV,,PCB器件库 + 原理图实例属性；待EDA导出复核
CN4,24.245.1,,ANT-TH_L33.0-W12.0_RED,C7437326,1kV,,PCB器件库 + 原理图实例属性；待EDA导出复核
RELAY1,HFD4/5-SR,,RELAY-SMD_HFD4-5-SR,C64399,,,PCB器件库 + 原理图实例属性；待EDA导出复核
RELAY2,HFD4/5-SR,,RELAY-SMD_HFD4-5-SR,C64399,,,PCB器件库 + 原理图实例属性；待EDA导出复核
RELAY3,HFD4/5-SR,,RELAY-SMD_HFD4-5-SR,C64399,,,PCB器件库 + 原理图实例属性；待EDA导出复核
RELAY4,HFD4/5-SR,,RELAY-SMD_HFD4-5-SR,C64399,,,PCB器件库 + 原理图实例属性；待EDA导出复核
RELAY5,HFD4/5-SR,,RELAY-SMD_HFD4-5-SR,C64399,,,PCB器件库 + 原理图实例属性；待EDA导出复核
RELAY6,HFD4/5-SR,,RELAY-SMD_HFD4-5-SR,C64399,,,PCB器件库 + 原理图实例属性；待EDA导出复核
